shape_id,shape_pt_lat,shape_pt_lon,shape_pt_sequence
176,48.881937,2.354374,0
176,48.881864,2.354333,1
176,48.881787,2.354256,2
176,48.881752,2.35412,3
176,48.882106,2.351226,4
176,48.882167,2.351126,5
176,48.88368,2.351269,6
176,48.883974,2.351281,7
176,48.883864,2.349498,8
176,48.891575,2.349604,9
176,48.891683,2.349577,10
176,48.891797,2.349502,11
176,48.892368,2.349029,12
176,48.892621,2.348807,13
176,48.893652,2.347938,14
176,48.894259,2.347429,15
176,48.894628,2.347146,16
176,48.895326,2.346571,17
176,48.89544,2.34648,18
176,48.895618,2.346329,19
176,48.896025,2.345993,20
176,48.896415,2.345662,21
176,48.897156,2.34502,22
176,48.89738,2.344838,23
176,48.897551,2.34469,24
176,48.897635,2.344702,25
176,48.897888,2.344517,26
176,48.89808,2.344371,27
176,48.897904,2.338718,28
176,48.897839,2.336683,29
176,48.897781,2.334233,30
176,48.897787,2.332083,31
176,48.897772,2.329946,32
176,48.897778,2.329016,33
176,48.898634,2.329281,34
176,48.898791,2.329521,35
176,48.900026,2.330016,36
176,48.90088,2.330253,37
176,48.900993,2.330204,38
176,48.900968,2.328695,39
176,48.900936,2.327693,40
176,48.900839,2.327143,41
176,48.900823,2.325542,42
176,48.90079,2.324989,43
176,48.90072,2.324411,44
176,48.900629,2.324028,45
176,48.900597,2.322878,46
176,48.900521,2.32225,47
176,48.900445,2.321827,48
176,48.900297,2.321161,49
176,48.89853,2.315227,50
176,48.898185,2.314168,51
176,48.897907,2.313426,52
176,48.895671,2.307487,53
176,48.895308,2.30664,54
176,48.895004,2.306087,55
176,48.894198,2.304841,56
176,48.893549,2.30376,57
176,48.893254,2.303255,58
176,48.892741,2.302297,59
176,48.890862,2.299317,60
176,48.89035,2.298431,61
176,48.889932,2.29753,62
176,48.889527,2.296601,63
176,48.889194,2.295521,64
176,48.888655,2.293257,65
176,48.888593,2.293021,66
176,48.888388,2.292342,67
176,48.888154,2.291776,68
176,48.887896,2.291289,69
176,48.887189,2.290108,70
176,48.885941,2.288163,71
176,48.884604,2.286008,72
176,48.884246,2.285401,73
176,48.883695,2.28447,74
176,48.883271,2.283951,75
176,48.883143,2.283791,76
176,48.88299,2.283498,77
176,48.88269,2.283193,78
176,48.88224,2.282705,79
176,48.8818,2.282317,80
176,48.881682,2.282213,81
176,48.881308,2.281892,82
176,48.880621,2.2814,83
176,48.879959,2.280937,84
176,48.879587,2.280854,85
176,48.87947,2.280813,86
176,48.879337,2.280712,87
176,48.879271,2.280662,88
176,48.87918,2.280601,89
176,48.879073,2.280497,90
176,48.878816,2.280171,91
176,48.878681,2.28007,92
176,48.878822,2.279781,93
176,48.878861,2.279669,94
176,48.878892,2.279583,95
176,48.879239,2.278489,96
176,48.879517,2.277298,97
176,48.879676,2.276783,98
176,48.879678,2.27663,99
176,48.879781,2.276305,100
176,48.881108,2.272174,101
176,48.881403,2.271283,102
176,48.881668,2.270454,103
176,48.88222,2.2687,104
176,48.882564,2.26761,105
176,48.883078,2.265941,106
176,48.883862,2.263469,107
176,48.884231,2.262355,108
176,48.884828,2.260465,109
176,48.885967,2.256951,110
176,48.886228,2.256174,111
176,48.886499,2.255353,112
176,48.887195,2.253189,113
176,48.887258,2.252982,114
176,48.887279,2.252912,115
176,48.887351,2.252691,116
176,48.887481,2.252479,117
176,48.887671,2.252278,118
176,48.887716,2.252173,119
176,48.887879,2.251664,120
176,48.887956,2.251528,121
176,48.887961,2.251517,122
176,48.88807,2.251369,123
176,48.888157,2.251288,124
176,48.888227,2.251212,125
176,48.888415,2.251045,126
176,48.888677,2.250903,127
176,48.889097,2.2507,128
176,48.889413,2.250409,129
176,48.889511,2.250312,130
176,48.889649,2.250177,131
176,48.889873,2.249918,132
176,48.889958,2.249818,133
176,48.890054,2.249655,134
176,48.890319,2.249077,135
176,48.890521,2.248534,136
176,48.890888,2.247652,137
176,48.890911,2.247597,138
176,48.891136,2.247117,139
176,48.891318,2.246793,140
176,48.891476,2.246562,141
176,48.891512,2.246519,142
176,48.891619,2.246392,143
176,48.891969,2.246045,144
176,48.892384,2.245636,145
176,48.89249,2.245532,146
176,48.892799,2.245255,147
176,48.892973,2.24511,148
176,48.893555,2.244727,149
176,48.894507,2.2441,150
176,48.89461,2.244011,151
176,48.894874,2.243587,152
176,48.895036,2.2432,153
176,48.895116,2.242842,154
176,48.895151,2.242461,155
176,48.895141,2.242075,156
176,48.895104,2.241841,157
176,48.895051,2.241638,158
176,48.894709,2.240623,159
176,48.894527,2.240119,160
176,48.894451,2.239845,161
176,48.894424,2.239639,162
176,48.894344,2.238668,163
176,48.894285,2.238193,164
176,48.894224,2.237868,165
176,48.894189,2.237707,166
176,48.894077,2.237162,167
176,48.894036,2.236836,168
176,48.894021,2.236647,169
176,48.893952,2.235808,170
176,48.893978,2.235638,171
176,48.894011,2.235529,172
176,48.89408,2.235389,173
176,48.894137,2.235271,174
176,48.894289,2.23507,175
176,48.894494,2.234889,176
176,48.895205,2.234368,177
176,48.895713,2.233889,178
176,48.895847,2.233701,179
176,48.895931,2.233507,180
176,48.896263,2.232546,181
176,48.896386,2.232053,182
176,48.896564,2.231151,183
176,48.896653,2.230631,184
176,48.896849,2.228997,185
176,48.896954,2.226755,186
176,48.897185,2.22477,187
176,48.897281,2.224345,188
176,48.897178,2.224382,189
176,48.897042,2.225481,190
176,48.896969,2.226127,191
176,48.896887,2.227108,192
176,48.896867,2.22746,193
176,48.896864,2.227921,194
176,48.896828,2.228382,195
176,48.896766,2.229019,196
176,48.896662,2.229037,197
176,48.896567,2.22986,198
177,48.896786,2.229084,0
177,48.896587,2.230842,1
177,48.896287,2.232358,2
177,48.895979,2.233235,3
177,48.89582,2.233648,4
177,48.895653,2.233869,5
177,48.895393,2.234156,6
177,48.894439,2.234881,7
177,48.894277,2.235041,8
177,48.893964,2.23545,9
177,48.893894,2.235488,10
177,48.893785,2.235433,11
177,48.893729,2.235346,12
177,48.893664,2.235335,13
177,48.893565,2.235314,14
177,48.893511,2.235258,15
177,48.893278,2.23482,16
177,48.89309,2.234576,17
177,48.892931,2.234429,18
177,48.892635,2.234264,19
177,48.892497,2.234218,20
177,48.89224,2.23415,21
177,48.89204,2.234126,22
177,48.891982,2.234123,23
177,48.891771,2.234147,24
177,48.890652,2.234364,25
177,48.890343,2.234428,26
177,48.889907,2.234506,27
177,48.889669,2.234596,28
177,48.889004,2.234736,29
177,48.88838,2.234921,30
177,48.888206,2.234989,31
177,48.888076,2.235075,32
177,48.887884,2.235156,33
177,48.887774,2.23524,34
177,48.887491,2.235567,35
177,48.887277,2.235963,36
177,48.887209,2.236139,37
177,48.887156,2.236292,38
177,48.887028,2.236808,39
177,48.886976,2.237079,40
177,48.886903,2.237668,41
177,48.886852,2.238534,42
177,48.886804,2.240136,43
177,48.88682,2.240608,44
177,48.88682,2.240609,45
177,48.886853,2.240953,46
177,48.886977,2.241805,47
177,48.88715,2.242779,48
177,48.887208,2.243061,49
177,48.887279,2.243405,50
177,48.887399,2.24406,51
177,48.887516,2.244881,52
177,48.887545,2.245304,53
177,48.887514,2.245662,54
177,48.887425,2.246052,55
177,48.887328,2.246383,56
177,48.887008,2.247076,57
177,48.886952,2.247119,58
177,48.886946,2.247139,59
177,48.886876,2.247485,60
177,48.886832,2.248132,61
177,48.886905,2.248499,62
177,48.887164,2.249471,63
177,48.887413,2.250264,64
177,48.887488,2.250567,65
177,48.887514,2.250738,66
177,48.887511,2.250893,67
177,48.887484,2.251095,68
177,48.887268,2.251944,69
177,48.887072,2.252841,70
177,48.88605,2.256044,71
177,48.885805,2.256829,72
177,48.884112,2.26226,73
177,48.883252,2.265003,74
177,48.882934,2.265897,75
177,48.882417,2.267543,76
177,48.882098,2.268558,77
177,48.881463,2.270581,78
177,48.881274,2.271183,79
177,48.880985,2.272103,80
177,48.880132,2.274795,81
177,48.879668,2.276283,82
177,48.878975,2.278101,83
177,48.878859,2.278399,84
177,48.878586,2.27927,85
177,48.878544,2.279408,86
177,48.878503,2.27955,87
177,48.878461,2.279683,88
177,48.878448,2.279893,89
177,48.878381,2.280162,90
177,48.878094,2.28103,91
177,48.878322,2.281192,92
177,48.878504,2.28133,93
177,48.878657,2.281445,94
177,48.879116,2.281759,95
177,48.879428,2.281914,96
177,48.879582,2.281932,97
177,48.879654,2.281915,98
177,48.879851,2.281964,99
177,48.880229,2.282105,100
177,48.880673,2.282318,101
177,48.881452,2.282794,102
177,48.882391,2.283285,103
177,48.882605,2.283457,104
177,48.882828,2.283676,105
177,48.883188,2.284099,106
177,48.883588,2.284619,107
177,48.884152,2.285555,108
177,48.884503,2.28615,109
177,48.885906,2.288441,110
177,48.887797,2.291503,111
177,48.88807,2.292028,112
177,48.888261,2.292471,113
177,48.888417,2.292915,114
177,48.888537,2.293326,115
177,48.888684,2.293932,116
177,48.889033,2.295646,117
177,48.889369,2.296722,118
177,48.889776,2.297648,119
177,48.890233,2.298603,120
177,48.890759,2.299466,121
177,48.891829,2.301177,122
177,48.892617,2.302403,123
177,48.893343,2.303808,124
177,48.893487,2.304055,125
177,48.894078,2.305008,126
177,48.894939,2.306392,127
177,48.895227,2.306924,128
177,48.895412,2.307348,129
177,48.895526,2.307627,130
177,48.895762,2.308206,131
177,48.896749,2.310781,132
177,48.897711,2.313387,133
177,48.898052,2.314279,134
177,48.899504,2.319024,135
177,48.900151,2.32122,136
177,48.900234,2.321557,137
177,48.900321,2.322005,138
177,48.900323,2.322722,139
177,48.900369,2.325215,140
177,48.90046,2.329685,141
177,48.900243,2.329617,142
177,48.900163,2.329595,143
177,48.899959,2.329574,144
177,48.89975,2.329519,145
177,48.899111,2.329297,146
177,48.898999,2.329477,147
177,48.898321,2.329251,148
177,48.898189,2.329181,149
177,48.897941,2.329091,150
177,48.897731,2.329014,151
177,48.897549,2.328937,152
177,48.897546,2.32938,153
177,48.897571,2.330416,154
177,48.897619,2.330765,155
177,48.897624,2.330984,156
177,48.897633,2.331416,157
177,48.897653,2.332395,158
177,48.897666,2.333546,159
177,48.897668,2.334083,160
177,48.897677,2.334571,161
177,48.897714,2.335923,162
177,48.897725,2.33619,163
177,48.897728,2.336432,164
177,48.897738,2.337507,165
177,48.897759,2.339084,166
177,48.897782,2.339262,167
177,48.897787,2.339577,168
177,48.897794,2.339944,169
177,48.897822,2.341059,170
177,48.89784,2.341986,171
177,48.897853,2.342458,172
177,48.897855,2.342681,173
177,48.89787,2.34313,174
177,48.897888,2.344312,175
177,48.897628,2.344529,176
177,48.897581,2.344597,177
177,48.897551,2.34469,178
177,48.89738,2.344838,179
177,48.897156,2.34502,180
177,48.896415,2.345662,181
177,48.896025,2.345993,182
177,48.895618,2.346329,183
177,48.89544,2.34648,184
177,48.895326,2.346571,185
177,48.894628,2.347146,186
177,48.894259,2.347429,187
177,48.893652,2.347938,188
177,48.892621,2.348807,189
177,48.892368,2.349029,190
177,48.891797,2.349502,191
177,48.891683,2.349577,192
177,48.891575,2.349604,193
177,48.890506,2.349597,194
177,48.889605,2.349594,195
177,48.889479,2.349592,196
177,48.888355,2.349573,197
177,48.887579,2.349559,198
177,48.887416,2.349556,199
177,48.887266,2.349554,200
177,48.887171,2.349552,201
177,48.88709,2.349551,202
177,48.886684,2.349544,203
177,48.886552,2.349541,204
177,48.886281,2.349537,205
177,48.885886,2.34953,206
177,48.885709,2.349527,207
177,48.88552,2.349524,208
177,48.885276,2.349518,209
177,48.885159,2.34951,210
177,48.884946,2.349504,211
177,48.884628,2.349494,212
177,48.884466,2.34949,213
177,48.88427,2.349487,214
177,48.884205,2.349486,215
177,48.884159,2.349484,216
177,48.88413,2.349484,217
177,48.883855,2.349477,218
177,48.883725,2.349501,219
177,48.88361,2.349515,220
177,48.883738,2.35128,221
177,48.88388,2.353198,222
177,48.883973,2.354423,223
177,48.884052,2.355476,224
177,48.883956,2.355511,225
177,48.883393,2.355194,226
178,48.879876,2.355295,0
178,48.880018,2.354603,1
178,48.880193,2.35392,2
178,48.88053,2.352251,3
178,48.881348,2.351539,4
178,48.882062,2.350871,5
178,48.882694,2.350308,6
178,48.883485,2.349617,7
178,48.883864,2.349498,8
178,48.891575,2.349604,9
178,48.891683,2.349577,10
178,48.891797,2.349502,11
178,48.892368,2.349029,12
178,48.892621,2.348807,13
178,48.893652,2.347938,14
178,48.894259,2.347429,15
178,48.894628,2.347146,16
178,48.895326,2.346571,17
178,48.89544,2.34648,18
178,48.895618,2.346329,19
178,48.896025,2.345993,20
178,48.896415,2.345662,21
178,48.897156,2.34502,22
178,48.89738,2.344838,23
178,48.897551,2.34469,24
178,48.897635,2.344702,25
178,48.897888,2.344517,26
178,48.89808,2.344371,27
178,48.897904,2.338718,28
178,48.897839,2.336683,29
178,48.897781,2.334233,30
178,48.897787,2.332083,31
178,48.897772,2.329946,32
178,48.897778,2.329016,33
178,48.898634,2.329281,34
178,48.898791,2.329521,35
178,48.900026,2.330016,36
178,48.90088,2.330253,37
178,48.900993,2.330204,38
178,48.900968,2.328695,39
178,48.900936,2.327693,40
178,48.900839,2.327143,41
178,48.900823,2.325542,42
178,48.90079,2.324989,43
178,48.90072,2.324411,44
178,48.900629,2.324028,45
178,48.900597,2.322878,46
178,48.900521,2.32225,47
178,48.900445,2.321827,48
178,48.900297,2.321161,49
178,48.89853,2.315227,50
178,48.898185,2.314168,51
178,48.897907,2.313426,52
178,48.895671,2.307487,53
178,48.895308,2.30664,54
178,48.895004,2.306087,55
178,48.894198,2.304841,56
178,48.893549,2.30376,57
178,48.893254,2.303255,58
178,48.892741,2.302297,59
178,48.890862,2.299317,60
178,48.89035,2.298431,61
178,48.889932,2.29753,62
178,48.889527,2.296601,63
178,48.889194,2.295521,64
178,48.888655,2.293257,65
178,48.888593,2.293021,66
178,48.888388,2.292342,67
178,48.888154,2.291776,68
178,48.887896,2.291289,69
178,48.887189,2.290108,70
178,48.885941,2.288163,71
178,48.884604,2.286008,72
178,48.884246,2.285401,73
178,48.883695,2.28447,74
178,48.883271,2.283951,75
178,48.883143,2.283791,76
178,48.88299,2.283498,77
178,48.88269,2.283193,78
178,48.88224,2.282705,79
178,48.8818,2.282317,80
178,48.881682,2.282213,81
178,48.881308,2.281892,82
178,48.880621,2.2814,83
178,48.879959,2.280937,84
178,48.879587,2.280854,85
178,48.87947,2.280813,86
178,48.879337,2.280712,87
178,48.879271,2.280662,88
178,48.87918,2.280601,89
178,48.879073,2.280497,90
178,48.878816,2.280171,91
178,48.878681,2.28007,92
178,48.878822,2.279781,93
178,48.878861,2.279669,94
178,48.878892,2.279583,95
178,48.879239,2.278489,96
178,48.879517,2.277298,97
178,48.879676,2.276783,98
178,48.879678,2.27663,99
178,48.879781,2.276305,100
178,48.881108,2.272174,101
178,48.881403,2.271283,102
178,48.881668,2.270454,103
178,48.88222,2.2687,104
178,48.882564,2.26761,105
178,48.883078,2.265941,106
178,48.883862,2.263469,107
178,48.884231,2.262355,108
178,48.884828,2.260465,109
178,48.885967,2.256951,110
178,48.886228,2.256174,111
178,48.886499,2.255353,112
178,48.887195,2.253189,113
178,48.887258,2.252982,114
178,48.887279,2.252912,115
178,48.887351,2.252691,116
178,48.887481,2.252479,117
178,48.887671,2.252278,118
178,48.887716,2.252173,119
178,48.887879,2.251664,120
178,48.887956,2.251528,121
178,48.887961,2.251517,122
178,48.88807,2.251369,123
178,48.888157,2.251288,124
178,48.888227,2.251212,125
178,48.888415,2.251045,126
178,48.888677,2.250903,127
178,48.889097,2.2507,128
178,48.889413,2.250409,129
178,48.889511,2.250312,130
178,48.889649,2.250177,131
178,48.889873,2.249918,132
178,48.889958,2.249818,133
178,48.890054,2.249655,134
178,48.890319,2.249077,135
178,48.890521,2.248534,136
178,48.890888,2.247652,137
178,48.890911,2.247597,138
178,48.891136,2.247117,139
178,48.891318,2.246793,140
178,48.891476,2.246562,141
178,48.891512,2.246519,142
178,48.891619,2.246392,143
178,48.891969,2.246045,144
178,48.892384,2.245636,145
178,48.89249,2.245532,146
178,48.892799,2.245255,147
178,48.892973,2.24511,148
178,48.893555,2.244727,149
178,48.894507,2.2441,150
178,48.89461,2.244011,151
178,48.894874,2.243587,152
178,48.895036,2.2432,153
178,48.895116,2.242842,154
178,48.895151,2.242461,155
178,48.895141,2.242075,156
178,48.895104,2.241841,157
178,48.895051,2.241638,158
178,48.894709,2.240623,159
178,48.894527,2.240119,160
178,48.894451,2.239845,161
178,48.894424,2.239639,162
178,48.894344,2.238668,163
178,48.894285,2.238193,164
178,48.894224,2.237868,165
178,48.894189,2.237707,166
178,48.894077,2.237162,167
178,48.894036,2.236836,168
178,48.894021,2.236647,169
178,48.893952,2.235808,170
178,48.893978,2.235638,171
178,48.894011,2.235529,172
178,48.89408,2.235389,173
178,48.894137,2.235271,174
178,48.894289,2.23507,175
178,48.894494,2.234889,176
178,48.895205,2.234368,177
178,48.895713,2.233889,178
178,48.895847,2.233701,179
178,48.895931,2.233507,180
178,48.896263,2.232546,181
178,48.896386,2.232053,182
178,48.896564,2.231151,183
178,48.896653,2.230631,184
178,48.896849,2.228997,185
178,48.896954,2.226755,186
178,48.897185,2.22477,187
178,48.897281,2.224345,188
178,48.897178,2.224382,189
178,48.897042,2.225481,190
178,48.896969,2.226127,191
178,48.896887,2.227108,192
178,48.896867,2.22746,193
178,48.896864,2.227921,194
178,48.896828,2.228382,195
178,48.896766,2.229019,196
178,48.896662,2.229037,197
178,48.896567,2.22986,198
179,48.879626,2.357284,0
179,48.882687,2.358932,1
179,48.884133,2.359354,2
179,48.885535,2.359441,3
179,48.887485,2.359794,4
179,48.88982,2.359996,5
179,48.890331,2.360011,6
179,48.89031,2.358733,7
179,48.890382,2.356659,8
179,48.890459,2.355653,9
179,48.89105,2.352504,10
179,48.891575,2.349604,11
179,48.891683,2.349577,12
179,48.891797,2.349502,13
179,48.892368,2.349029,14
179,48.892621,2.348807,15
179,48.893652,2.347938,16
179,48.894259,2.347429,17
179,48.894628,2.347146,18
179,48.895326,2.346571,19
179,48.89544,2.34648,20
179,48.895618,2.346329,21
179,48.896025,2.345993,22
179,48.896415,2.345662,23
179,48.897156,2.34502,24
179,48.89738,2.344838,25
179,48.897551,2.34469,26
179,48.897635,2.344702,27
179,48.897888,2.344517,28
179,48.89808,2.344371,29
179,48.897904,2.338718,30
179,48.897839,2.336683,31
179,48.897781,2.334233,32
179,48.897787,2.332083,33
179,48.897772,2.329946,34
179,48.897778,2.329016,35
179,48.898634,2.329281,36
179,48.898791,2.329521,37
179,48.900026,2.330016,38
179,48.90088,2.330253,39
179,48.900993,2.330204,40
179,48.900968,2.328695,41
179,48.900936,2.327693,42
179,48.900839,2.327143,43
179,48.900823,2.325542,44
179,48.90079,2.324989,45
179,48.90072,2.324411,46
179,48.900629,2.324028,47
179,48.900597,2.322878,48
179,48.900521,2.32225,49
179,48.900445,2.321827,50
179,48.900297,2.321161,51
179,48.89853,2.315227,52
179,48.898185,2.314168,53
179,48.897907,2.313426,54
179,48.895671,2.307487,55
179,48.895308,2.30664,56
179,48.895004,2.306087,57
179,48.894198,2.304841,58
179,48.893549,2.30376,59
179,48.893254,2.303255,60
179,48.892741,2.302297,61
179,48.890862,2.299317,62
179,48.89035,2.298431,63
179,48.889932,2.29753,64
179,48.889527,2.296601,65
179,48.889194,2.295521,66
179,48.888655,2.293257,67
179,48.888593,2.293021,68
179,48.888388,2.292342,69
179,48.888154,2.291776,70
179,48.887896,2.291289,71
179,48.887189,2.290108,72
179,48.885941,2.288163,73
179,48.884604,2.286008,74
179,48.884246,2.285401,75
179,48.883695,2.28447,76
179,48.883271,2.283951,77
179,48.883143,2.283791,78
179,48.88299,2.283498,79
179,48.88269,2.283193,80
179,48.88224,2.282705,81
179,48.8818,2.282317,82
179,48.881682,2.282213,83
179,48.881308,2.281892,84
179,48.880621,2.2814,85
179,48.879959,2.280937,86
179,48.879587,2.280854,87
179,48.87947,2.280813,88
179,48.879337,2.280712,89
179,48.879271,2.280662,90
179,48.87918,2.280601,91
179,48.879073,2.280497,92
179,48.878816,2.280171,93
179,48.878681,2.28007,94
179,48.878822,2.279781,95
179,48.878861,2.279669,96
179,48.878892,2.279583,97
179,48.879239,2.278489,98
179,48.879517,2.277298,99
179,48.879676,2.276783,100
179,48.879678,2.27663,101
179,48.879781,2.276305,102
179,48.881108,2.272174,103
179,48.881403,2.271283,104
179,48.881668,2.270454,105
179,48.88222,2.2687,106
179,48.882564,2.26761,107
179,48.883078,2.265941,108
179,48.883862,2.263469,109
179,48.884231,2.262355,110
179,48.884828,2.260465,111
179,48.885967,2.256951,112
179,48.886228,2.256174,113
179,48.886499,2.255353,114
179,48.887195,2.253189,115
179,48.887258,2.252982,116
179,48.887279,2.252912,117
179,48.887351,2.252691,118
179,48.887481,2.252479,119
179,48.887671,2.252278,120
179,48.887716,2.252173,121
179,48.887879,2.251664,122
179,48.887956,2.251528,123
179,48.887961,2.251517,124
179,48.88807,2.251369,125
179,48.888157,2.251288,126
179,48.888227,2.251212,127
179,48.888415,2.251045,128
179,48.888677,2.250903,129
179,48.889097,2.2507,130
179,48.889413,2.250409,131
179,48.889511,2.250312,132
179,48.889649,2.250177,133
179,48.889873,2.249918,134
179,48.889958,2.249818,135
179,48.890054,2.249655,136
179,48.890319,2.249077,137
179,48.890521,2.248534,138
179,48.890888,2.247652,139
179,48.890911,2.247597,140
179,48.891136,2.247117,141
179,48.891318,2.246793,142
179,48.891476,2.246562,143
179,48.891512,2.246519,144
179,48.891619,2.246392,145
179,48.891969,2.246045,146
179,48.892384,2.245636,147
179,48.89249,2.245532,148
179,48.892799,2.245255,149
179,48.892973,2.24511,150
179,48.893555,2.244727,151
179,48.894507,2.2441,152
179,48.89461,2.244011,153
179,48.894874,2.243587,154
179,48.895036,2.2432,155
179,48.895116,2.242842,156
179,48.895151,2.242461,157
179,48.895141,2.242075,158
179,48.895104,2.241841,159
179,48.895051,2.241638,160
179,48.894709,2.240623,161
179,48.894527,2.240119,162
179,48.894451,2.239845,163
179,48.894424,2.239639,164
179,48.894344,2.238668,165
179,48.894285,2.238193,166
179,48.894224,2.237868,167
179,48.894189,2.237707,168
179,48.894077,2.237162,169
179,48.894036,2.236836,170
179,48.894021,2.236647,171
179,48.893952,2.235808,172
179,48.893978,2.235638,173
179,48.894011,2.235529,174
179,48.89408,2.235389,175
179,48.894137,2.235271,176
179,48.894289,2.23507,177
179,48.894494,2.234889,178
179,48.895205,2.234368,179
179,48.895713,2.233889,180
179,48.895847,2.233701,181
179,48.895931,2.233507,182
179,48.896263,2.232546,183
179,48.896386,2.232053,184
179,48.896564,2.231151,185
179,48.896653,2.230631,186
179,48.896849,2.228997,187
179,48.896954,2.226755,188
179,48.897185,2.22477,189
179,48.897281,2.224345,190
179,48.897178,2.224382,191
179,48.897042,2.225481,192
179,48.896969,2.226127,193
179,48.896887,2.227108,194
179,48.896867,2.22746,195
179,48.896864,2.227921,196
179,48.896828,2.228382,197
179,48.896766,2.229019,198
179,48.896662,2.229037,199
179,48.896567,2.22986,200
180,48.879626,2.357284,0
180,48.882687,2.358932,1
180,48.884133,2.359354,2
180,48.885535,2.359441,3
180,48.887485,2.359794,4
180,48.88982,2.359996,5
180,48.890331,2.360011,6
180,48.89031,2.358733,7
180,48.890382,2.356659,8
180,48.890459,2.355653,9
180,48.89105,2.352504,10
180,48.891575,2.349604,11
180,48.891683,2.349577,12
180,48.891797,2.349502,13
180,48.892368,2.349029,14
180,48.892621,2.348807,15
180,48.893652,2.347938,16
180,48.894259,2.347429,17
180,48.894628,2.347146,18
180,48.895326,2.346571,19
180,48.89544,2.34648,20
180,48.895618,2.346329,21
180,48.896025,2.345993,22
180,48.896415,2.345662,23
180,48.897156,2.34502,24
180,48.89738,2.344838,25
180,48.897551,2.34469,26
180,48.897635,2.344702,27
180,48.897888,2.344517,28
180,48.89808,2.344371,29
180,48.897904,2.338718,30
180,48.897839,2.336683,31
180,48.897781,2.334233,32
180,48.897787,2.332083,33
180,48.897772,2.329946,34
180,48.897778,2.329016,35
180,48.898634,2.329281,36
180,48.898791,2.329521,37
180,48.900026,2.330016,38
180,48.90088,2.330253,39
180,48.900993,2.330204,40
180,48.900968,2.328695,41
180,48.900936,2.327693,42
180,48.900839,2.327143,43
180,48.900823,2.325542,44
180,48.90079,2.324989,45
180,48.90072,2.324411,46
180,48.900629,2.324028,47
180,48.900597,2.322878,48
180,48.900521,2.32225,49
180,48.900445,2.321827,50
180,48.900297,2.321161,51
180,48.89853,2.315227,52
180,48.898185,2.314168,53
180,48.897907,2.313426,54
180,48.895671,2.307487,55
180,48.895308,2.30664,56
180,48.895004,2.306087,57
180,48.894198,2.304841,58
180,48.893549,2.30376,59
180,48.893254,2.303255,60
180,48.892741,2.302297,61
180,48.890862,2.299317,62
180,48.89035,2.298431,63
180,48.889932,2.29753,64
180,48.889527,2.296601,65
180,48.889194,2.295521,66
180,48.888655,2.293257,67
180,48.888593,2.293021,68
180,48.888388,2.292342,69
180,48.888154,2.291776,70
180,48.887896,2.291289,71
180,48.887189,2.290108,72
180,48.885941,2.288163,73
180,48.884604,2.286008,74
180,48.884246,2.285401,75
180,48.883695,2.28447,76
180,48.883271,2.283951,77
180,48.883143,2.283791,78
180,48.88299,2.283498,79
180,48.88269,2.283193,80
180,48.88224,2.282705,81
180,48.8818,2.282317,82
180,48.881682,2.282213,83
180,48.881308,2.281892,84
180,48.880621,2.2814,85
180,48.879959,2.280937,86
180,48.879587,2.280854,87
180,48.87947,2.280813,88
180,48.879337,2.280712,89
180,48.879271,2.280662,90
180,48.87918,2.280601,91
180,48.879073,2.280497,92
180,48.878816,2.280171,93
180,48.878681,2.28007,94
180,48.878822,2.279781,95
180,48.878861,2.279669,96
180,48.878892,2.279583,97
180,48.879239,2.278489,98
180,48.879517,2.277298,99
180,48.879676,2.276783,100
180,48.879678,2.27663,101
180,48.879781,2.276305,102
180,48.881108,2.272174,103
180,48.881403,2.271283,104
180,48.881668,2.270454,105
180,48.88222,2.2687,106
180,48.882564,2.26761,107
180,48.883078,2.265941,108
180,48.883862,2.263469,109
180,48.884231,2.262355,110
180,48.884828,2.260465,111
180,48.885967,2.256951,112
180,48.886228,2.256174,113
180,48.886499,2.255353,114
180,48.887195,2.253189,115
180,48.887258,2.252982,116
180,48.887279,2.252912,117
180,48.887351,2.252691,118
180,48.887481,2.252479,119
180,48.887671,2.252278,120
180,48.887716,2.252173,121
180,48.887879,2.251664,122
180,48.887956,2.251528,123
180,48.887961,2.251517,124
180,48.88807,2.251369,125
180,48.888157,2.251288,126
180,48.888227,2.251212,127
180,48.888415,2.251045,128
180,48.888677,2.250903,129
180,48.889097,2.2507,130
180,48.889413,2.250409,131
180,48.889511,2.250312,132
180,48.889649,2.250177,133
180,48.889873,2.249918,134
180,48.889958,2.249818,135
180,48.890054,2.249655,136
180,48.890319,2.249077,137
180,48.890521,2.248534,138
180,48.890888,2.247652,139
180,48.890911,2.247597,140
180,48.891136,2.247117,141
180,48.891318,2.246793,142
180,48.891476,2.246562,143
180,48.891512,2.246519,144
180,48.891619,2.246392,145
180,48.891969,2.246045,146
180,48.892384,2.245636,147
180,48.89249,2.245532,148
180,48.892799,2.245255,149
180,48.892973,2.24511,150
180,48.893555,2.244727,151
180,48.894507,2.2441,152
180,48.89461,2.244011,153
180,48.894874,2.243587,154
180,48.895036,2.2432,155
180,48.895116,2.242842,156
180,48.895151,2.242461,157
180,48.895141,2.242075,158
180,48.895104,2.241841,159
180,48.895051,2.241638,160
180,48.894709,2.240623,161
180,48.894527,2.240119,162
180,48.894451,2.239845,163
180,48.894424,2.239639,164
180,48.894344,2.238668,165
180,48.894285,2.238193,166
180,48.894224,2.237868,167
180,48.894189,2.237707,168
180,48.894077,2.237162,169
180,48.894036,2.236836,170
180,48.894021,2.236647,171
180,48.893952,2.235808,172
180,48.893978,2.235638,173
180,48.894011,2.235529,174
180,48.89408,2.235389,175
180,48.894137,2.235271,176
180,48.894289,2.23507,177
180,48.894494,2.234889,178
180,48.895205,2.234368,179
180,48.895713,2.233889,180
180,48.895847,2.233701,181
180,48.895931,2.233507,182
180,48.896263,2.232546,183
180,48.896386,2.232053,184
180,48.896564,2.231151,185
180,48.896653,2.230631,186
180,48.896849,2.228997,187
180,48.896954,2.226755,188
180,48.897185,2.22477,189
180,48.897281,2.224345,190
180,48.897178,2.224382,191
180,48.897042,2.225481,192
180,48.896969,2.226127,193
180,48.896887,2.227108,194
180,48.896867,2.22746,195
180,48.896864,2.227921,196
180,48.896828,2.228382,197
180,48.896766,2.229019,198
180,48.896662,2.229037,199
180,48.896567,2.22986,200
181,48.89678,2.229178,0
181,48.896551,2.231087,1
181,48.896288,2.232451,2
181,48.89582,2.233648,3
181,48.895653,2.233869,4
181,48.895393,2.234156,5
181,48.894439,2.234881,6
181,48.894277,2.235041,7
181,48.893964,2.23545,8
181,48.893894,2.235488,9
181,48.893785,2.235433,10
181,48.893729,2.235346,11
181,48.893664,2.235335,12
181,48.893565,2.235314,13
181,48.893511,2.235258,14
181,48.893278,2.23482,15
181,48.89309,2.234576,16
181,48.892931,2.234429,17
181,48.892635,2.234264,18
181,48.892497,2.234218,19
181,48.89224,2.23415,20
181,48.89204,2.234126,21
181,48.891982,2.234123,22
181,48.891771,2.234147,23
181,48.890652,2.234364,24
181,48.890343,2.234428,25
181,48.889907,2.234506,26
181,48.889669,2.234596,27
181,48.889004,2.234736,28
181,48.88838,2.234921,29
181,48.888206,2.234989,30
181,48.888076,2.235075,31
181,48.887884,2.235156,32
181,48.887774,2.23524,33
181,48.887491,2.235567,34
181,48.887277,2.235963,35
181,48.887209,2.236139,36
181,48.887156,2.236292,37
181,48.887028,2.236808,38
181,48.886976,2.237079,39
181,48.886903,2.237668,40
181,48.886852,2.238534,41
181,48.886804,2.240136,42
181,48.88682,2.240608,43
181,48.88682,2.240609,44
181,48.886853,2.240953,45
181,48.886977,2.241805,46
181,48.88715,2.242779,47
181,48.887208,2.243061,48
181,48.887279,2.243405,49
181,48.887399,2.24406,50
181,48.887516,2.244881,51
181,48.887545,2.245304,52
181,48.887514,2.245662,53
181,48.887425,2.246052,54
181,48.887328,2.246383,55
181,48.887008,2.247076,56
181,48.886952,2.247119,57
181,48.886946,2.247139,58
181,48.886876,2.247485,59
181,48.886832,2.248132,60
181,48.886905,2.248499,61
181,48.887164,2.249471,62
181,48.887413,2.250264,63
181,48.887488,2.250567,64
181,48.887514,2.250738,65
181,48.887511,2.250893,66
181,48.887484,2.251095,67
181,48.887268,2.251944,68
181,48.887072,2.252841,69
181,48.88605,2.256044,70
181,48.885805,2.256829,71
181,48.884112,2.26226,72
181,48.883252,2.265003,73
181,48.882934,2.265897,74
181,48.882417,2.267543,75
181,48.882098,2.268558,76
181,48.881463,2.270581,77
181,48.881274,2.271183,78
181,48.880985,2.272103,79
181,48.880132,2.274795,80
181,48.879668,2.276283,81
181,48.878975,2.278101,82
181,48.878859,2.278399,83
181,48.878586,2.27927,84
181,48.878544,2.279408,85
181,48.878503,2.27955,86
181,48.878461,2.279683,87
181,48.878448,2.279893,88
181,48.878381,2.280162,89
181,48.878094,2.28103,90
181,48.878322,2.281192,91
181,48.878504,2.28133,92
181,48.878657,2.281445,93
181,48.879116,2.281759,94
181,48.879428,2.281914,95
181,48.879582,2.281932,96
181,48.879654,2.281915,97
181,48.879851,2.281964,98
181,48.880229,2.282105,99
181,48.880673,2.282318,100
181,48.881452,2.282794,101
181,48.882391,2.283285,102
181,48.882605,2.283457,103
181,48.882828,2.283676,104
181,48.883188,2.284099,105
181,48.883588,2.284619,106
181,48.884152,2.285555,107
181,48.884503,2.28615,108
181,48.885906,2.288441,109
181,48.887797,2.291503,110
181,48.88807,2.292028,111
181,48.888261,2.292471,112
181,48.888417,2.292915,113
181,48.888537,2.293326,114
181,48.888684,2.293932,115
181,48.889033,2.295646,116
181,48.889369,2.296722,117
181,48.889776,2.297648,118
181,48.890233,2.298603,119
181,48.890759,2.299466,120
181,48.891829,2.301177,121
181,48.892617,2.302403,122
181,48.893343,2.303808,123
181,48.893487,2.304055,124
181,48.894078,2.305008,125
181,48.894939,2.306392,126
181,48.895227,2.306924,127
181,48.895412,2.307348,128
181,48.895526,2.307627,129
181,48.895762,2.308206,130
181,48.896749,2.310781,131
181,48.897711,2.313387,132
181,48.898052,2.314279,133
181,48.899504,2.319024,134
181,48.900151,2.32122,135
181,48.900234,2.321557,136
181,48.900321,2.322005,137
181,48.900323,2.322722,138
181,48.900369,2.325215,139
181,48.90046,2.329685,140
181,48.900243,2.329617,141
181,48.900163,2.329595,142
181,48.899959,2.329574,143
181,48.89975,2.329519,144
181,48.899111,2.329297,145
181,48.898999,2.329477,146
181,48.898321,2.329251,147
181,48.898189,2.329181,148
181,48.897941,2.329091,149
181,48.897731,2.329014,150
181,48.897549,2.328937,151
181,48.897546,2.32938,152
181,48.897571,2.330416,153
181,48.897619,2.330765,154
181,48.897624,2.330984,155
181,48.897633,2.331416,156
181,48.897653,2.332395,157
181,48.897666,2.333546,158
181,48.897668,2.334083,159
181,48.897677,2.334571,160
181,48.897714,2.335923,161
181,48.897725,2.33619,162
181,48.897728,2.336432,163
181,48.897738,2.337507,164
181,48.897759,2.339084,165
181,48.897782,2.339262,166
181,48.897787,2.339577,167
181,48.897794,2.339944,168
181,48.897822,2.341059,169
181,48.89784,2.341986,170
181,48.897853,2.342458,171
181,48.897855,2.342681,172
181,48.89787,2.34313,173
181,48.897888,2.344312,174
181,48.897628,2.344529,175
181,48.897581,2.344597,176
181,48.897551,2.34469,177
181,48.89738,2.344838,178
181,48.897156,2.34502,179
181,48.896415,2.345662,180
181,48.896025,2.345993,181
181,48.895618,2.346329,182
181,48.89544,2.34648,183
181,48.895326,2.346571,184
181,48.894628,2.347146,185
181,48.894259,2.347429,186
181,48.893652,2.347938,187
181,48.892621,2.348807,188
181,48.892368,2.349029,189
181,48.891797,2.349502,190
181,48.891683,2.349577,191
181,48.891575,2.349604,192
181,48.890506,2.349597,193
181,48.889605,2.349594,194
181,48.889479,2.349592,195
181,48.888355,2.349573,196
181,48.887579,2.349559,197
181,48.887416,2.349556,198
181,48.887266,2.349554,199
181,48.887171,2.349552,200
181,48.88709,2.349551,201
181,48.886684,2.349544,202
181,48.886552,2.349541,203
181,48.886281,2.349537,204
181,48.885886,2.34953,205
181,48.885709,2.349527,206
181,48.88552,2.349524,207
181,48.885276,2.349518,208
181,48.885159,2.34951,209
181,48.884946,2.349504,210
181,48.884628,2.349494,211
181,48.884466,2.34949,212
181,48.88427,2.349487,213
181,48.884205,2.349486,214
181,48.884159,2.349484,215
181,48.88413,2.349484,216
181,48.883855,2.349477,217
181,48.883725,2.349501,218
181,48.88361,2.349515,219
181,48.883505,2.349576,220
181,48.883398,2.349696,221
181,48.883187,2.349868,222
181,48.883101,2.349941,223
181,48.881457,2.351427,224
181,48.880852,2.351965,225
181,48.880612,2.352184,226
181,48.880495,2.352304,227
181,48.880266,2.352514,228
181,48.87977,2.352941,229
181,48.879545,2.35314,230
181,48.879407,2.353266,231
181,48.879279,2.353378,232
181,48.878739,2.353872,233
181,48.878521,2.354057,234
181,48.878769,2.355023,235
181,48.878954,2.355755,236
181,48.87929,2.357079,237
181,48.879524,2.357188,238
181,48.879597,2.357227,239
182,48.840719,2.36848,0
182,48.840445,2.368535,1
182,48.840358,2.368609,2
182,48.838876,2.369835,3
182,48.83841,2.370145,4
182,48.837841,2.370368,5
182,48.836956,2.370754,6
182,48.836535,2.370985,7
182,48.836273,2.371167,8
182,48.836124,2.371308,9
182,48.836213,2.37149,10
182,48.836534,2.372072,11
182,48.836922,2.372948,12
182,48.837369,2.373865,13
182,48.837464,2.374051,14
182,48.838445,2.375826,15
182,48.838496,2.37592,16
182,48.838375,2.376065,17
182,48.838273,2.376175,18
182,48.837296,2.377285,19
182,48.837139,2.377568,20
182,48.835283,2.379867,21
182,48.835007,2.380277,22
182,48.834688,2.380828,23
182,48.83379,2.381965,24
182,48.833372,2.382496,25
182,48.833093,2.382839,26
182,48.831561,2.384748,27
182,48.830609,2.386007,28
182,48.830286,2.386411,29
182,48.830033,2.386679,30
182,48.829646,2.386926,31
182,48.829024,2.387353,32
182,48.828702,2.387587,33
182,48.828557,2.387742,34
182,48.828259,2.388078,35
182,48.828121,2.388279,36
182,48.827943,2.388605,37
182,48.827446,2.389268,38
182,48.827025,2.389829,39
182,48.826728,2.390268,40
182,48.826664,2.390353,41
182,48.826579,2.390775,42
182,48.82658,2.391173,43
182,48.826648,2.391464,44
182,48.82675,2.391713,45
182,48.826913,2.392103,46
182,48.8272,2.392788,47
182,48.827539,2.393667,48
182,48.827707,2.394201,49
182,48.827819,2.395072,50
182,48.827875,2.3954,51
182,48.828692,2.399064,52
182,48.828872,2.399764,53
182,48.828984,2.400094,54
182,48.829243,2.400706,55
182,48.829431,2.401063,56
182,48.829871,2.401727,57
182,48.830089,2.402066,58
182,48.831105,2.403582,59
182,48.832374,2.405828,60
182,48.832801,2.406562,61
182,48.833116,2.407158,62
182,48.833417,2.407918,63
182,48.834413,2.410569,64
182,48.834593,2.410903,65
182,48.834827,2.411256,66
182,48.83515,2.411637,67
182,48.835436,2.411915,68
182,48.835854,2.412214,69
182,48.836218,2.412399,70
182,48.838408,2.413167,71
182,48.839763,2.413529,72
182,48.840174,2.413632,73
182,48.840285,2.413663,74
182,48.84084,2.413737,75
182,48.843206,2.413921,76
182,48.843785,2.414024,77
182,48.844151,2.414094,78
182,48.845103,2.41429,79
182,48.84624,2.414524,80
182,48.84723,2.414725,81
182,48.849396,2.415176,82
182,48.850254,2.415389,83
182,48.850726,2.41544,84
182,48.851204,2.415414,85
182,48.851782,2.415234,86
182,48.851963,2.415134,87
182,48.85266,2.414736,88
182,48.853126,2.414469,89
182,48.853389,2.414338,90
182,48.853762,2.414204,91
182,48.854421,2.414026,92
182,48.85478,2.414011,93
182,48.855083,2.414012,94
182,48.856939,2.414221,95
182,48.858207,2.414323,96
182,48.858925,2.414326,97
182,48.859943,2.4142,98
182,48.8612,2.413998,99
182,48.86221,2.413794,100
182,48.864182,2.413489,101
182,48.864746,2.413437,102
182,48.865391,2.413409,103
182,48.866697,2.41342,104
182,48.868204,2.413451,105
182,48.869807,2.413481,106
182,48.870616,2.413434,107
182,48.871004,2.41338,108
182,48.871401,2.413245,109
182,48.871809,2.413065,110
182,48.872563,2.412624,111
182,48.873228,2.412169,112
182,48.874387,2.411125,113
182,48.875525,2.410213,114
182,48.876243,2.409785,115
182,48.878993,2.408077,116
182,48.87922,2.407918,117
182,48.879597,2.407508,118
182,48.879935,2.407048,119
182,48.880119,2.406737,120
182,48.880264,2.406444,121
182,48.880483,2.405949,122
182,48.880632,2.405514,123
182,48.881009,2.404182,124
182,48.881173,2.403593,125
182,48.881402,2.402933,126
182,48.881596,2.402499,127
182,48.88184,2.402067,128
182,48.882012,2.401814,129
182,48.884227,2.39902,130
182,48.884536,2.398649,131
182,48.88484,2.398328,132
182,48.885198,2.398,133
182,48.885503,2.397767,134
182,48.885872,2.397524,135
182,48.886499,2.397243,136
182,48.887575,2.396934,137
182,48.888844,2.396629,138
182,48.88975,2.396391,139
182,48.890986,2.396023,140
182,48.893236,2.395394,141
182,48.893586,2.395297,142
182,48.895376,2.394798,143
182,48.895411,2.394774,144
182,48.897593,2.394211,145
182,48.897979,2.394069,146
182,48.898371,2.393861,147
182,48.898681,2.393641,148
182,48.898854,2.393488,149
182,48.899154,2.393173,150
182,48.899436,2.392803,151
182,48.899757,2.392254,152
182,48.900051,2.391625,153
182,48.900138,2.391387,154
182,48.900219,2.391149,155
182,48.900337,2.390685,156
182,48.900415,2.390313,157
182,48.900517,2.389628,158
182,48.900581,2.388905,159
182,48.900612,2.388287,160
182,48.900626,2.38729,161
182,48.900598,2.386452,162
182,48.900436,2.383446,163
182,48.900348,2.381841,164
182,48.900336,2.380514,165
182,48.900341,2.379976,166
182,48.900321,2.377957,167
182,48.900356,2.376902,168
182,48.900433,2.375811,169
182,48.900689,2.373122,170
182,48.90076,2.372264,171
182,48.900775,2.371818,172
182,48.900794,2.370124,173
182,48.900834,2.367204,174
182,48.900878,2.366222,175
182,48.9009,2.36454,176
182,48.900874,2.363071,177
182,48.900925,2.357709,178
182,48.900968,2.356863,179
182,48.901093,2.355046,180
182,48.901168,2.354064,181
182,48.901202,2.353301,182
182,48.901202,2.351946,183
182,48.901112,2.347461,184
182,48.901051,2.344491,185
182,48.901035,2.343818,186
182,48.900943,2.340504,187
182,48.900845,2.334224,188
182,48.900778,2.330952,189
182,48.900732,2.328899,190
182,48.900657,2.325617,191
182,48.90064,2.323593,192
182,48.900597,2.322878,193
182,48.900521,2.32225,194
182,48.900445,2.321827,195
182,48.900297,2.321161,196
182,48.89853,2.315227,197
182,48.898185,2.314168,198
182,48.897907,2.313426,199
182,48.895671,2.307487,200
182,48.895308,2.30664,201
182,48.895004,2.306087,202
182,48.894198,2.304841,203
182,48.893549,2.30376,204
182,48.893254,2.303255,205
182,48.892741,2.302297,206
182,48.890862,2.299317,207
182,48.89035,2.298431,208
182,48.889932,2.29753,209
182,48.889527,2.296601,210
182,48.889194,2.295521,211
182,48.888655,2.293257,212
182,48.888593,2.293021,213
182,48.888388,2.292342,214
182,48.888154,2.291776,215
182,48.887896,2.291289,216
182,48.887189,2.290108,217
182,48.885941,2.288163,218
182,48.884604,2.286008,219
182,48.884246,2.285401,220
182,48.883695,2.28447,221
182,48.883271,2.283951,222
182,48.883143,2.283791,223
182,48.88299,2.283498,224
182,48.88269,2.283193,225
182,48.881952,2.282549,226
182,48.881673,2.282329,227
182,48.879966,2.281102,228
182,48.879661,2.280972,229
182,48.879228,2.280677,230
182,48.878994,2.280473,231
182,48.878898,2.280356,232
182,48.878791,2.280116,233
182,48.878767,2.279817,234
182,48.878791,2.279687,235
182,48.878871,2.279459,236
182,48.878938,2.278998,237
182,48.879308,2.277806,238
182,48.879678,2.27663,239
182,48.879781,2.276305,240
182,48.881108,2.272174,241
182,48.881403,2.271283,242
182,48.881668,2.270454,243
182,48.88222,2.2687,244
182,48.882564,2.26761,245
182,48.883078,2.265941,246
182,48.883862,2.263469,247
182,48.884231,2.262355,248
182,48.884828,2.260465,249
182,48.885967,2.256951,250
182,48.886228,2.256174,251
182,48.886499,2.255353,252
182,48.887195,2.253189,253
182,48.887258,2.252982,254
182,48.887279,2.252912,255
182,48.887351,2.252691,256
182,48.887481,2.252479,257
182,48.887671,2.252278,258
182,48.887716,2.252173,259
182,48.887879,2.251664,260
182,48.887961,2.251517,261
182,48.88807,2.251369,262
182,48.888157,2.251288,263
182,48.888227,2.251212,264
182,48.888415,2.251045,265
182,48.888677,2.250903,266
182,48.88871,2.250887,267
182,48.889097,2.2507,268
182,48.889413,2.250409,269
182,48.889511,2.250312,270
182,48.889649,2.250177,271
182,48.889873,2.249918,272
182,48.889958,2.249818,273
182,48.890054,2.249655,274
182,48.890319,2.249077,275
182,48.890521,2.248534,276
182,48.890888,2.247652,277
182,48.890911,2.247597,278
182,48.891136,2.247117,279
182,48.891318,2.246793,280
182,48.891476,2.246562,281
182,48.891619,2.246392,282
182,48.891969,2.246045,283
182,48.892384,2.245636,284
182,48.89249,2.245532,285
182,48.892799,2.245255,286
182,48.892973,2.24511,287
182,48.893555,2.244727,288
182,48.893641,2.244671,289
182,48.894507,2.2441,290
182,48.89461,2.244011,291
182,48.894874,2.243587,292
182,48.895036,2.2432,293
182,48.895116,2.242842,294
182,48.895151,2.242461,295
182,48.895141,2.242075,296
182,48.895104,2.241841,297
182,48.895051,2.241638,298
182,48.894709,2.240623,299
182,48.894527,2.240119,300
182,48.894451,2.239845,301
182,48.894424,2.239639,302
182,48.894344,2.238668,303
182,48.894285,2.238193,304
182,48.894224,2.237868,305
182,48.894189,2.237707,306
182,48.894077,2.237162,307
182,48.894036,2.236836,308
182,48.894021,2.236647,309
182,48.893952,2.235808,310
182,48.893978,2.235638,311
182,48.894011,2.235529,312
182,48.89408,2.235389,313
182,48.894137,2.235271,314
182,48.894289,2.23507,315
182,48.894494,2.234889,316
182,48.895205,2.234368,317
182,48.895713,2.233889,318
182,48.895847,2.233701,319
182,48.895931,2.233507,320
182,48.896263,2.232546,321
182,48.896386,2.232053,322
182,48.896564,2.231151,323
182,48.896653,2.230631,324
182,48.896849,2.228985,325
182,48.896946,2.226802,326
182,48.897183,2.224711,327
182,48.89723,2.224534,328
182,48.897259,2.224385,329
182,48.897281,2.224259,330
182,48.897213,2.224243,331
182,48.897118,2.224662,332
182,48.897071,2.225005,333
182,48.897028,2.225377,334
182,48.896978,2.225853,335
182,48.896926,2.226482,336
182,48.896905,2.226797,337
182,48.896901,2.227231,338
183,48.896899,2.227866,0
183,48.896833,2.228938,1
183,48.89669,2.228999,2
183,48.896516,2.230354,3
183,48.896092,2.232872,4
183,48.895979,2.233235,5
183,48.89582,2.233648,6
183,48.895653,2.233869,7
183,48.895393,2.234156,8
183,48.894439,2.234881,9
183,48.894277,2.235041,10
183,48.893964,2.23545,11
183,48.893894,2.235488,12
183,48.893785,2.235433,13
183,48.893729,2.235346,14
183,48.893664,2.235335,15
183,48.893565,2.235314,16
183,48.893511,2.235258,17
183,48.893278,2.23482,18
183,48.89309,2.234576,19
183,48.892931,2.234429,20
183,48.892635,2.234264,21
183,48.892497,2.234218,22
183,48.89224,2.23415,23
183,48.89204,2.234126,24
183,48.891982,2.234123,25
183,48.891771,2.234147,26
183,48.890652,2.234364,27
183,48.890343,2.234428,28
183,48.889907,2.234506,29
183,48.889669,2.234596,30
183,48.889004,2.234736,31
183,48.88838,2.234921,32
183,48.888206,2.234989,33
183,48.888076,2.235075,34
183,48.887884,2.235156,35
183,48.887774,2.23524,36
183,48.887491,2.235567,37
183,48.887277,2.235963,38
183,48.887209,2.236139,39
183,48.887156,2.236292,40
183,48.887028,2.236808,41
183,48.886976,2.237079,42
183,48.886903,2.237668,43
183,48.886852,2.238534,44
183,48.886804,2.240136,45
183,48.88682,2.240609,46
183,48.886853,2.240953,47
183,48.886977,2.241805,48
183,48.88715,2.242779,49
183,48.887208,2.243061,50
183,48.887279,2.243405,51
183,48.887399,2.24406,52
183,48.887516,2.244881,53
183,48.887544,2.245287,54
183,48.887545,2.245304,55
183,48.887514,2.245662,56
183,48.887425,2.246052,57
183,48.887328,2.246383,58
183,48.887008,2.247076,59
183,48.886952,2.247119,60
183,48.886946,2.247139,61
183,48.886876,2.247485,62
183,48.886832,2.248132,63
183,48.886905,2.248499,64
183,48.887164,2.249471,65
183,48.887413,2.250264,66
183,48.887488,2.250567,67
183,48.887514,2.250738,68
183,48.887511,2.250893,69
183,48.887484,2.251095,70
183,48.887268,2.251944,71
183,48.887072,2.252841,72
183,48.88605,2.256044,73
183,48.885805,2.256829,74
183,48.884112,2.26226,75
183,48.883252,2.265003,76
183,48.882934,2.265897,77
183,48.882417,2.267543,78
183,48.882098,2.268558,79
183,48.881463,2.270581,80
183,48.881274,2.271183,81
183,48.880985,2.272103,82
183,48.880132,2.274795,83
183,48.879668,2.276283,84
183,48.878975,2.278101,85
183,48.878859,2.278399,86
183,48.878586,2.27927,87
183,48.878544,2.279408,88
183,48.878503,2.27955,89
183,48.878461,2.279683,90
183,48.878448,2.279893,91
183,48.878381,2.280162,92
183,48.878094,2.28103,93
183,48.878322,2.281192,94
183,48.878504,2.28133,95
183,48.878657,2.281445,96
183,48.879116,2.281759,97
183,48.879428,2.281914,98
183,48.879582,2.281932,99
183,48.879654,2.281915,100
183,48.879851,2.281964,101
183,48.880229,2.282105,102
183,48.880673,2.282318,103
183,48.881452,2.282794,104
183,48.882391,2.283285,105
183,48.882605,2.283457,106
183,48.882828,2.283676,107
183,48.883188,2.284099,108
183,48.883588,2.284619,109
183,48.884152,2.285555,110
183,48.884503,2.28615,111
183,48.885446,2.287691,112
183,48.885906,2.288441,113
183,48.887797,2.291503,114
183,48.88807,2.292028,115
183,48.888261,2.292471,116
183,48.888417,2.292915,117
183,48.888537,2.293326,118
183,48.888684,2.293932,119
183,48.889033,2.295646,120
183,48.889369,2.296722,121
183,48.889776,2.297648,122
183,48.890233,2.298603,123
183,48.890759,2.299466,124
183,48.891829,2.301177,125
183,48.892617,2.302403,126
183,48.893343,2.303808,127
183,48.893487,2.304055,128
183,48.894078,2.305008,129
183,48.894939,2.306392,130
183,48.895227,2.306924,131
183,48.895412,2.307348,132
183,48.895526,2.307627,133
183,48.895762,2.308206,134
183,48.896749,2.310781,135
183,48.897711,2.313387,136
183,48.898052,2.314279,137
183,48.899504,2.319024,138
183,48.900151,2.32122,139
183,48.900234,2.321557,140
183,48.900321,2.322005,141
183,48.900399,2.322473,142
183,48.900429,2.322773,143
183,48.900461,2.323815,144
183,48.900549,2.328965,145
183,48.900594,2.330917,146
183,48.900677,2.33418,147
183,48.900798,2.340582,148
183,48.900883,2.343841,149
183,48.900897,2.344504,150
183,48.900965,2.347627,151
183,48.901062,2.352912,152
183,48.901012,2.354103,153
183,48.900903,2.355667,154
183,48.900789,2.357174,155
183,48.900771,2.357684,156
183,48.900716,2.363077,157
183,48.900664,2.365033,158
183,48.90066,2.365989,159
183,48.900684,2.366383,160
183,48.900647,2.370119,161
183,48.900628,2.371808,162
183,48.900566,2.372872,163
183,48.900214,2.376614,164
183,48.900176,2.377482,165
183,48.90017,2.378035,166
183,48.900203,2.380048,167
183,48.900221,2.38058,168
183,48.900221,2.381902,169
183,48.900319,2.384051,170
183,48.900344,2.384892,171
183,48.900434,2.386366,172
183,48.900461,2.387245,173
183,48.900447,2.388275,174
183,48.900387,2.389321,175
183,48.900289,2.390039,176
183,48.900104,2.390877,177
183,48.899884,2.391512,178
183,48.899618,2.392076,179
183,48.899371,2.392484,180
183,48.899005,2.392944,181
183,48.898803,2.393163,182
183,48.898367,2.393461,183
183,48.897993,2.39366,184
183,48.897593,2.39381,185
183,48.895345,2.394529,186
183,48.893554,2.395086,187
183,48.893185,2.395187,188
183,48.888802,2.396418,189
183,48.887611,2.396737,190
183,48.886655,2.396945,191
183,48.885939,2.397271,192
183,48.885441,2.39756,193
183,48.884763,2.398121,194
183,48.884446,2.398466,195
183,48.884132,2.398844,196
183,48.882452,2.400948,197
183,48.881902,2.401654,198
183,48.881696,2.401958,199
183,48.881478,2.402357,200
183,48.88126,2.402843,201
183,48.881027,2.40354,202
183,48.880873,2.404075,203
183,48.88049,2.405435,204
183,48.880291,2.405984,205
183,48.880173,2.406248,206
183,48.879798,2.406926,207
183,48.879156,2.407708,208
183,48.878948,2.407896,209
183,48.87709,2.408997,210
183,48.876189,2.409578,211
183,48.875326,2.410065,212
183,48.87492,2.410376,213
183,48.874302,2.410923,214
183,48.873147,2.411924,215
183,48.872499,2.412368,216
183,48.871758,2.412814,217
183,48.871378,2.412988,218
183,48.870594,2.413203,219
183,48.869944,2.413263,220
183,48.868842,2.413238,221
183,48.867276,2.413225,222
183,48.866155,2.413177,223
183,48.864737,2.413215,224
183,48.863448,2.413366,225
183,48.861679,2.413686,226
183,48.859008,2.414121,227
183,48.858255,2.414105,228
183,48.85669,2.413927,229
183,48.855095,2.413762,230
183,48.854797,2.413763,231
183,48.854559,2.413769,232
183,48.854453,2.413792,233
183,48.853685,2.413992,234
183,48.853337,2.414122,235
183,48.852774,2.414413,236
183,48.851683,2.415048,237
183,48.851209,2.415211,238
183,48.850745,2.41522,239
183,48.850367,2.415194,240
183,48.848972,2.414847,241
183,48.848384,2.414735,242
183,48.847251,2.414503,243
183,48.846261,2.414299,244
183,48.844171,2.41387,245
183,48.843805,2.413792,246
183,48.843217,2.413698,247
183,48.841877,2.413606,248
183,48.840873,2.413517,249
183,48.840202,2.413408,250
183,48.839792,2.413307,251
183,48.838476,2.412961,252
183,48.83691,2.412414,253
183,48.836168,2.412141,254
183,48.835917,2.412018,255
183,48.835674,2.411853,256
183,48.835109,2.411296,257
183,48.834871,2.410985,258
183,48.834686,2.41069,259
183,48.834493,2.410309,260
183,48.833551,2.407802,261
183,48.833404,2.407416,262
183,48.833191,2.40694,263
183,48.832892,2.406365,264
183,48.832431,2.405605,265
183,48.831293,2.403553,266
183,48.830355,2.402111,267
183,48.829974,2.40157,268
183,48.829538,2.400897,269
183,48.829309,2.400458,270
183,48.829078,2.399878,271
183,48.828916,2.399337,272
183,48.828832,2.398974,273
183,48.828038,2.395433,274
183,48.82794,2.394851,275
183,48.827952,2.393777,276
183,48.827974,2.393392,277
183,48.828025,2.393053,278
183,48.828126,2.392684,279
183,48.828354,2.392096,280
183,48.828482,2.391657,281
183,48.828555,2.391255,282
183,48.828561,2.391084,283
183,48.828552,2.390952,284
183,48.828523,2.390843,285
183,48.828412,2.39057,286
183,48.828318,2.390385,287
183,48.828203,2.390291,288
183,48.828067,2.390185,289
183,48.82792,2.389826,290
183,48.827888,2.389603,291
183,48.827944,2.389416,292
183,48.828197,2.388836,293
183,48.828398,2.388355,294
183,48.828714,2.388048,295
183,48.829838,2.387029,296
183,48.830346,2.386516,297
183,48.830675,2.38612,298
183,48.831709,2.384798,299
183,48.832302,2.384103,300
183,48.833445,2.382629,301
183,48.833865,2.382097,302
183,48.8348,2.380908,303
183,48.83524,2.38012,304
183,48.836663,2.378332,305
183,48.836777,2.378217,306
183,48.837331,2.377836,307
183,48.837449,2.377734,308
183,48.838233,2.37683,309
183,48.838557,2.376498,310
183,48.838725,2.376374,311
183,48.838847,2.376288,312
183,48.838906,2.376149,313
183,48.838653,2.375735,314
183,48.838589,2.375623,315
183,48.837626,2.373866,316
183,48.83757,2.373654,317
183,48.837674,2.373536,318
183,48.837928,2.373281,319
183,48.838156,2.373015,320
183,48.838339,2.372805,321
183,48.838436,2.372685,322
183,48.838661,2.372371,323
183,48.839379,2.371381,324
183,48.839481,2.37124,325
183,48.839776,2.370836,326
183,48.840538,2.369821,327
183,48.84116,2.368941,328
183,48.841909,2.367868,329
183,48.841786,2.367756,330
183,48.841679,2.367729,331
183,48.841632,2.367753,332
